{"cameraMode":{"drawMode":0,"name":"Shaded","section":"Shading Mode"},"sceneLighting":true,"audioPlay":false,"sceneViewState":{"m_AlwaysRefresh":false,"showFog":true,"showSkybox":true,"showFlares":true,"showImageEffects":true,"showParticleSystems":true,"showVisualEffectGraphs":true,"m_FxEnabled":true},"in2DMode":false,"pivot":{"x":0.7821598052978516,"y":-4.301321029663086,"z":0.8976054191589356},"rotation":{"x":0.23712019622325898,"y":0.6266559958457947,"z":-0.20824161171913148,"w":0.7128358483314514},"size":13.703045845031739,"orthographic":false}