{"cameraMode":{"drawMode":0,"name":"Shaded","section":"Shading Mode"},"sceneLighting":true,"audioPlay":false,"sceneViewState":{"m_AlwaysRefresh":false,"showFog":true,"showSkybox":true,"showFlares":true,"showImageEffects":true,"showParticleSystems":true,"showVisualEffectGraphs":true,"m_FxEnabled":true},"in2DMode":false,"pivot":{"x":-2.5007760524749758,"y":-3.6323323249816896,"z":-10.72139835357666},"rotation":{"x":0.018847720697522165,"y":0.9700400829315186,"z":-0.22876687347888947,"w":0.07995769381523133},"size":14.04686450958252,"orthographic":false}