{"cameraMode":{"drawMode":0,"name":"Shaded","section":"Shading Mode"},"sceneLighting":true,"audioPlay":false,"sceneViewState":{"m_AlwaysRefresh":false,"showFog":true,"showSkybox":true,"showFlares":true,"showImageEffects":true,"showParticleSystems":true,"showVisualEffectGraphs":true,"m_FxEnabled":true},"in2DMode":false,"pivot":{"x":-1.6109287738800049,"y":1.1469175815582276,"z":-0.8102431297302246},"rotation":{"x":0.17663858830928803,"y":-0.2655959129333496,"z":0.04956377297639847,"w":0.9464930295944214},"size":3.7356746196746828,"orthographic":false}